IAUNAME,UID,RA,DEC,RADEC_ERR,EXT,ML_FLUX_1,QUAIA_source_id,QUAIA_redshift,QUAIA_redshift_err,CLUSTER_NAME,SEPARATION,CLUSTER_Z
1eRASS J034542.8-512950,105814100004,56.428536351919384,-51.49737416405309,0.8932768702507019,0.0,1.2494709043450736e-12,4829294973181982976,0.396,0.07660170276641848,1eRASS J034542.1-513042,0.014563502373970234,0.1939
1eRASS J043829.2-614758,107315300001,69.62171465309667,-61.79967048220355,0.3404570519924164,0.0,4.316204078175234e-12,4677239112130585984,1.927,0.7133141228485108,1eRASS J043838.1-615107,0.055282362612759095,0.0659
1eRASS J045957.6-611510,107715000001,74.99019789325905,-61.25294175144008,0.35830843448638916,0.0,2.8914154057146924e-12,4761465310590509056,0.16512604357212446,0.09792351691246033,1eRASS J045949.0-611349,0.028276261080173008,0.093
1eRASS J051621.0-103341,107810200002,79.08789664207139,-10.561521945751187,0.6047040820121765,0.0,3.5063143794672458e-12,2990073016486189056,0.3115370273590088,0.16922684105873104,1eRASS J051626.6-103259,0.025458278986997852,0.1155
1eRASS J060241.8-595152,108915000003,90.67454848061813,-59.86446695258894,0.7766640782356262,0.0,5.784297736968758e-13,5494423607324927872,0.1011425331234932,0.05274107449054718,1eRASS J060232.1-595106,0.02398260881687685,0.0947
1eRASS J062307.4-643619,109315600002,95.78120338450204,-64.6054644793165,0.8028334975242615,0.0,3.175580891995322e-12,5476948725428677376,0.16680968912865757,0.14097615360975266,1eRASS J062238.2-643200,0.0889746292682517,0.0432
1eRASS J123215.2+132034,118807800008,188.0634728924614,13.34293785458993,1.0155324935913086,0.0,9.57468154240415e-13,3931986862352450816,0.30241731583972986,0.11395310688495636,1eRASS J123049.2+122332,1.0126241804246634,0.003
1eRASS J022938.9-131554,103810200527,37.41235822223149,-13.265147988077434,5.578494548797607,0.0,3.0111923019068496e-14,5147249920339756672,1.2245461970787004,0.18740103756904603,1eRASS J022953.3-131600,0.058225383506786375,0.0562
1eRASS J150009.6+015741,122708700234,225.04022236814188,1.9615634379177067,4.4156880378723145,0.0,6.248290323725494e-14,1153453049759999232,1.240044839934829,0.06684861473083492,1eRASS J150111.6+014205,0.36640008298453575,0.005
1eRASS J150125.6+012928,122709000136,225.3568103362232,1.4912978987286447,3.574679374694824,0.0,6.289433085665888e-14,1153191232848884608,1.0108755826950073,0.08269195762634274,1eRASS J150111.6+014205,0.21820815253057047,0.005
1eRASS J234931.6-363458,135812600026,357.38179902077394,-36.58289509104878,2.9871714115142822,0.0,2.147584004076955e-13,2310821636519890432,0.5941154360771179,0.12225273481365201,1eRASS J234950.8-363449,0.06432233043857426,0.0456
1eRASS J001842.5-415605,100613200120,4.677257090020722,-41.93481424060797,6.468167781829834,0.0,8.179549160387822e-14,4995275457508534784,1.4275801181793213,0.08490370095825206,1eRASS J001838.2-415336,0.04352503956488637,0.093
1eRASS J012329.0-353505,102012600071,20.87097926153055,-35.584873227205414,4.150179862976074,0.0,5.3459068226867357e-14,5013402899557064960,0.4138509929180145,0.05241370379924776,1eRASS J012335.2-353449,0.021422233588826847,0.2374
1eRASS J012601.3-375902,102112900007,21.50542147644335,-37.98389802311908,4.009055137634277,0.0,8.586088383246565e-14,5009599551398255744,0.8443965863873446,0.07567021617889402,1eRASS J012604.4-375757,0.02062822248013573,0.0806
1eRASS J012704.6-655254,102415600100,21.76931336480751,-65.88169971408125,3.7853171825408936,0.0,5.923779126731574e-14,4704848978679547904,1.488354206085205,0.1392219690704345,1eRASS J012714.5-655248,0.01703511330134184,0.2087
1eRASS J020005.7-250725,103111400147,30.024161587948694,-25.12368876634934,3.5342559814453125,0.0,6.911637061290943e-14,5121783203816113792,1.055281400680542,0.09342035055160519,1eRASS J020050.9-250140,0.19552280952160941,0.0146
1eRASS J022647.7-184339,103610800198,36.699056256023546,-18.72767431491519,4.261609077453613,0.0,5.5287656505927096e-14,5131349813971391872,1.7058756351470947,0.1159093101501465,1eRASS J022649.1-184239,0.017627505256401676,0.2912
1eRASS J023010.7-141748,103810500065,37.54469911739319,-14.296729798518534,2.7968251705169678,0.0,1.4456018576202573e-13,5146274760900681344,1.8980954885482788,0.4301327623748781,1eRASS J023027.9-141831,0.07056602419214664,0.0553
1eRASS J025357.6-524617,104214400047,43.490325746325176,-52.771517408986256,2.303354024887085,0.0,1.9837899226972378e-13,4747167188367506560,1.2826241254806519,0.16702477931976312,1eRASS J025349.0-524830,0.043006749747826326,0.0568
1eRASS J031048.0-472225,104613800036,47.70018870135904,-47.37383960591285,2.0854713916778564,0.0,1.7951799443673144e-13,4750825435351697280,1.0467947721481323,0.08993244453430183,1eRASS J031055.4-472331,0.02763425466986224,0.0827
1eRASS J030358.7-115235,104710200943,45.99472671219067,-11.876390992722273,6.206822872161865,0.0,2.4359408872074058e-14,5159784627774574336,1.9608298540115356,0.14843445716857928,1eRASS J030354.8-115916,0.11279291443004087,0.0204
1eRASS J031139.3-580321,105014700062,47.91401924348511,-58.05599228928629,2.4801716804504395,0.0,1.0941778489119078e-13,4727142195407130624,0.23513451218605042,0.07616484396219254,1eRASS J031141.6-580206,0.021355255010534868,0.2378
1eRASS J032639.5-184104,105210800036,51.66497252823513,-18.68465229862978,3.2612555027008057,0.0,1.3092093598468524e-13,5101976566993573120,0.8073945641517639,0.07365403294563294,1eRASS J032644.6-184009,0.0252438765962379,0.1293
1eRASS J032222.9-530940,105214400219,50.595511860799355,-53.16111664989628,5.017826080322266,0.0,4.195026216593373e-14,4734388148833708032,0.9220756137883686,0.07715522623062132,1eRASS J032213.0-531100,0.03311487420770139,0.079
1eRASS J033736.7-353335,105312600044,54.402925716412476,-35.55979844421896,2.467717409133911,0.0,2.2457445516925467e-13,4860294496640380288,0.4734261631965637,0.06194475800991056,1eRASS J033829.1-352701,0.20875967915885285,0.005
1eRASS J033739.8-353417,105312600045,54.41593481433103,-35.57165180081241,3.1521949768066406,0.0,8.768399011429076e-14,4860294427920891136,0.48226196776608155,0.08222542922019957,1eRASS J033829.1-352701,0.20653010589482515,0.005
1eRASS J033650.5-354241,105312600082,54.210694228213384,-35.71146373234316,2.399224042892456,0.0,1.157191475888858e-13,4860286078504303616,0.6630089057248708,0.11660650521278376,1eRASS J033829.1-352701,0.42389238001646556,0.005
1eRASS J033601.8-352320,105312600101,54.00785884463998,-35.38898348330498,2.8339743614196777,0.0,9.508996509036832e-14,4860352530238662656,1.2512785196304321,0.10200320720672607,1eRASS J033829.1-352701,0.5037378548531112,0.005
1eRASS J033514.1-353138,105312600139,53.808922881883056,-35.52737542832953,3.21573805809021,0.0,8.259797061810695e-14,4860327069672392448,0.8415961861610413,0.052926937255859396,1eRASS J033829.1-352701,0.6659782311095135,0.005
1eRASS J033748.4-350423,105312600550,54.45185935719987,-35.07316926795763,3.5930609703063965,0.0,4.316805498672839e-14,4860447229973907072,1.369,0.4026013316535949,1eRASS J033829.1-352701,0.4018753559991778,0.005
1eRASS J033702.4-353641,105312600892,54.26017743645031,-35.6114426900995,6.2307658195495605,0.0,3.0093579673562756e-14,4860288964722451840,2.6135528087615967,0.08368367053985581,1eRASS J033829.1-352701,0.335142330276266,0.005
1eRASS J033737.4-350005,105312601126,54.40623819480797,-35.001492250185024,6.516982555389404,0.0,3.6247213048993046e-14,4860459526463512320,0.8578867316246033,0.05788185892105102,1eRASS J033829.1-352701,0.48213459619775373,0.005
1eRASS J032845.6-522726,105314100122,52.19040206824073,-52.457298840794266,3.436509370803833,0.0,6.631467700272606e-14,4735971514296638976,1.8147730827331543,0.15679690879821773,1eRASS J032849.1-522658,0.01154360041622841,0.0606
1eRASS J034031.1-350512,105612600249,55.129873274529054,-35.086740121334394,4.705543041229248,0.0,6.094479982525838e-14,4860410636852568448,1.9089246988296509,0.21348782951354983,1eRASS J033829.1-352701,0.5519492218559571,0.005
1eRASS J040903.5-604802,106015000003,62.26488700080568,-60.80071052438288,0.7616313099861145,0.0,6.844166617996084e-13,4679957822132274944,0.3010874092578888,0.09188348293304444,1eRASS J040828.2-604926,0.07558363822550052,0.0533
1eRASS J035816.6-593139,106015000030,59.569488349891365,-59.52755801940669,1.6219513416290283,0.0,1.4805260424750888e-13,4680326708283468288,0.652,0.42851657509803776,1eRASS J035827.7-593152,0.023579617115075915,0.0625
1eRASS J034900.1-642618,106015300589,57.2505174672971,-64.43860010508489,4.665518283843994,0.0,3.0461114045639975e-14,4673119551297250816,2.9094185829162598,0.09006000000000003,1eRASS J034844.2-642744,0.03705089742933367,0.1058
1eRASS J040440.5-412944,106113200122,61.16891962914988,-41.49582389029337,4.480560302734375,0.0,4.9601016111240626e-14,4842187086319282560,2.6153929233551025,0.10651999999999995,1eRASS J040445.6-412851,0.021674254103125346,0.1924
1eRASS J040756.1-211348,106211100276,61.98407064323871,-21.230232996231457,6.851047992706299,0.0,6.136131641860942e-14,5090865005562642560,0.9815348386764526,0.05351829460144042,1eRASS J040819.3-210309,0.19905365780668285,0.014
1eRASS J040751.1-210219,106211100582,61.96297151473179,-21.038886023657554,4.828487873077393,0.0,3.147726220301128e-14,5090876928392145792,2.543224325703138,0.6044160072898865,1eRASS J040819.3-210309,0.11065349410992253,0.014
1eRASS J041603.1-552141,106214400241,64.01306275114787,-55.36141061241798,2.306769371032715,0.0,4.654531087270285e-14,4778767530506692736,2.511542797088623,0.11677999999999988,1eRASS J041610.5-554650,0.4196675664953546,0.004
1eRASS J040756.5-305046,106312000017,61.98543928496586,-30.846223909393796,2.5495808124542236,0.0,1.3702522460874028e-13,4884042573410700544,1.41118323802948,0.10097574123382569,1eRASS J040755.9-304932,0.0206028928000882,0.0607
1eRASS J041928.1+023533,106508700026,64.86710251422646,2.5925830126923204,2.592362642288208,0.0,2.6794763781888553e-13,3283133371123145344,0.16322636192818704,0.08421370199155806,1eRASS J041938.2+022426,0.18982001298859458,0.0133
1eRASS J041921.3+020959,106508700032,64.83915335641746,2.1666071667792948,2.7383575439453125,0.0,1.7959956709768382e-13,3256084083705888768,1.1848814487457275,0.11882000000000004,1eRASS J041938.2+022426,0.2508297674042214,0.0133
1eRASS J042100.5-335130,106512300051,65.25235114337943,-33.85842715619622,2.0794873237609863,0.0,1.188503370155511e-13,4870347640690909568,1.2854703664779663,0.09569109191894531,1eRASS J042057.2-335027,0.020859648546623547,0.1704
1eRASS J043210.3-594351,106615000646,68.04294770312539,-59.73093911230327,3.012627363204956,0.0,2.806785294635905e-14,4677973169284320768,1.178213357925415,0.07767169567871096,1eRASS J043219.3-594243,0.02681813839414419,0.1375
1eRASS J042549.4-624347,106615300467,66.45606739965993,-62.72978057286208,2.802483320236206,0.0,4.0135880323465337e-14,4675805555127584384,0.6058563590049744,0.0993743556785584,1eRASS J042712.5-624732,0.1702894586506817,0.0185
1eRASS J042925.9-665631,106615600040,67.35814496254136,-66.94206591708834,1.7954397201538086,0.0,1.5468521103768895e-13,4656685185360389248,0.43132227659225464,0.0781645586156845,1eRASS J042939.1-665529,0.027545779769340296,0.0618
1eRASS J043215.9-483310,106713800036,68.06639079316665,-48.552785701132066,1.8704874515533447,0.0,1.2752732897469699e-13,4787865817428220416,2.065,0.45624896291732775,1eRASS J043212.2-483331,0.011915987546035784,0.1494
1eRASS J043220.0-522030,106714100120,68.08348134944752,-52.341680806169805,2.2680389881134033,0.0,7.245630961535965e-14,4781161476560728576,0.4169850351470115,0.06993017780780789,1eRASS J043207.4-521921,0.03739933608821215,0.1007
1eRASS J042849.3-732910,106816200079,67.20545405608618,-73.4861831227782,3.3843140602111816,0.0,6.646344309331823e-14,4652619912915423488,0.40177929401397705,0.0566948829126358,1eRASS J042925.4-733514,0.10989916375380022,0.0282
1eRASS J043610.5-045805,107109600082,69.04411898691322,-4.968183637683168,3.330061674118042,0.0,9.346511195204577e-14,3201056374298289920,0.5160715579986572,0.1030226554822922,1eRASS J043625.4-045926,0.06573903806917156,0.015
1eRASS J044202.6-365427,107112600980,70.51095360044762,-36.90771246969139,7.526596546173096,0.0,2.7985894038382725e-14,4866571230566585984,0.6863099932670593,0.07848736381530763,1eRASS J044141.6-365557,0.07420992384805081,0.0438
1eRASS J043917.4-611505,107115000089,69.82273513316365,-61.25163783438785,2.953788995742798,0.0,5.254441494536785e-14,4677630052937509120,0.9593288898468018,0.0737436414813995,1eRASS J043910.8-611416,0.01908221299864097,0.1492
1eRASS J044457.3-154855,107210500117,71.2391307451362,-15.815550713226116,4.578472137451172,0.0,6.95868330406052e-14,3172980001284915968,1.082,0.12045007686614984,1eRASS J044511.2-155247,0.08501954386956624,0.037
1eRASS J050232.5-623156,107315300103,75.6355430020793,-62.532283186399766,1.8813576698303223,0.0,7.281509921928941e-14,4664564869797548288,0.6276606321334839,0.07158981702804568,1eRASS J050221.8-623237,0.023560915317950723,0.1583
1eRASS J045219.4+040630,107408700052,73.08112814375865,4.108345827593894,3.3295741081237793,0.0,1.4876042563581604e-13,3233478292141707008,0.7295504808425903,0.13120631012916567,1eRASS J045222.2+040823,0.03350784448157958,0.1087
1eRASS J050030.6-211135,107511100043,75.12761942793853,-21.193076947846578,2.5508177280426025,0.0,2.0119198191129173e-13,2974915351046855552,0.31022509932518005,0.07957165328979492,1eRASS J050026.3-211403,0.044441475739496056,0.0434
1eRASS J045643.3-562318,107714700126,74.18042719818983,-56.388504475748256,3.0414962768554688,0.0,4.1567840342775567e-14,4764207728812363648,1.3184824021922665,0.3185445817375183,1eRASS J045639.8-562316,0.008002799623144688,0.6677
1eRASS J050837.7-554447,107714700345,77.1574472510058,-55.74657583646119,2.6650142669677734,0.0,4.146984879517361e-14,4764493464396901632,2.306045373314248,0.5438463855743407,1eRASS J050846.2-554127,0.05900868624992148,0.05
1eRASS J051953.0-250256,107911400310,79.9708625108175,-25.04904102441899,5.005194187164307,0.0,6.061513460218701e-14,2957862681614466176,2.7312798500061035,0.12087438064575196,1eRASS J051946.8-250135,0.03247634989795734,0.0353
1eRASS J051631.1+062312,108008400037,79.12987852679379,6.386686594940038,4.257636070251465,0.0,1.874958250724229e-13,3240799119733829504,1.4540257453918457,0.10932288885116581,1eRASS J051636.9+062648,0.06471847245864393,0.0284
1eRASS J052522.2-305519,108112000034,81.34257339816901,-30.922106730953892,3.6146533489227295,0.0,9.369290960474855e-14,2905269776283485056,1.4673436880111694,0.1052692055702209,1eRASS J052523.8-305421,0.01708344429829824,0.16
1eRASS J051901.9-514556,108114100305,79.75797082280623,-51.765704383437495,2.8476195335388184,0.0,4.603656933205476e-14,4772086863496584576,1.287816047668457,0.33455951780319204,1eRASS J051915.3-514701,0.03891930876546494,0.1101
1eRASS J053531.1-582347,108214700227,83.87966510817697,-58.39656180559853,3.3603317737579346,0.0,4.443089301965804e-14,4760019139267240320,2.2881009578704834,0.0470999999999997,1eRASS J053520.3-582610,0.04614642781266892,0.0642
1eRASS J052822.0-612256,108315000417,82.09182995778879,-61.382493993759866,2.5391695499420166,0.0,2.8529560441512e-14,4757943707989952512,1.451,0.0701647448539734,1eRASS J052810.1-612526,0.047862409432544384,0.0501
1eRASS J053906.7-291332,108412000061,84.7782815361714,-29.225814979811364,2.3318793773651123,0.0,1.954274009329307e-13,2907135888033898368,0.8302860856056213,0.0598673618602753,1eRASS J053913.8-291312,0.02639309908005501,0.1553
1eRASS J053936.6-404708,108513200015,84.90263042740496,-40.78557660728336,1.1809462308883667,0.0,4.946239273197206e-13,4807751039268606080,0.7205318333102165,0.17796429346561435,1eRASS J054006.9-405004,0.10735519915168155,0.0368
1eRASS J054856.4-325852,108612300363,87.23534898137902,-32.98125703648341,5.953915596008301,0.0,5.501191678840972e-14,2889053770776614912,2.528904914855957,0.13217999999999996,1eRASS J054827.0-325840,0.10299310098300521,0.0384
1eRASS J055039.9-223242,108911400026,87.66650753708144,-22.545270330680747,2.9860870838165283,0.0,2.321933335706905e-13,2916003969007092480,0.4391221554452395,0.3008679131069183,1eRASS J055031.7-223145,0.035457526468674144,0.0873
1eRASS J054727.8-472319,108913800065,86.86614482158029,-47.3886987939547,2.5327537059783936,0.0,1.0652923313446416e-13,4795066832611664256,0.4425238753776449,0.12023597270965578,1eRASS J054751.4-472406,0.06791151268005954,0.0515
1eRASS J055620.4-612130,108915000037,89.08536930339203,-61.358435293636845,1.081570029258728,0.0,1.4953927581894816e-13,4758649010339060864,0.32089072465896606,0.09838057760238647,1eRASS J055552.5-612412,0.07167465662096416,0.0376
1eRASS J054952.4-590015,108915000179,87.46833391382782,-59.004220726858534,2.2648487091064453,0.0,6.287900972470895e-14,4765132589890131200,1.9021207094192505,0.08214060155868541,1eRASS J054945.2-590113,0.02240239952122517,0.184
1eRASS J060424.2-594506,108915000346,91.10114777094499,-59.75177036460496,3.3189122676849365,0.0,3.892733032619111e-14,5494448788716591872,2.4121615886688232,0.12161377792358397,1eRASS J060354.3-594243,0.07433685830889003,0.0472
1eRASS J060511.8-445756,109313500221,91.29931567517608,-44.965647946284165,3.5629515647888184,0.0,5.4535952034688584e-14,5567905889258194688,1.175719976425171,0.044424863681793214,1eRASS J060518.0-445507,0.050275897247394244,0.0403
1eRASS J062250.9-645023,109315600514,95.71247430725224,-64.83990388267569,1.4969748258590698,0.0,7.602454771401743e-14,5284788761867105152,0.6670105457305908,0.07127833724021909,1eRASS J062154.5-645717,0.15223216444416848,0.0258
1eRASS J061505.5-650206,109315600897,93.77329882568542,-65.03512092674497,1.993712067604065,0.0,2.5702501582690156e-14,5476552179690498944,1.0613559484481812,0.13188696506500247,1eRASS J061554.1-650156,0.08542757699506419,0.0346
1eRASS J061515.9-291528,109412000042,93.81666407475302,-29.257885619915164,2.739715814590454,0.0,1.3346501638242247e-13,2896897579353078656,1.6846500635147095,0.1299983267402649,1eRASS J061534.4-291549,0.06736294125642917,0.0546
1eRASS J061130.3-590452,109415000021,92.87643635177452,-59.081190169769876,1.714083194732666,0.0,1.683051349113049e-13,5494564757128419328,0.8273761868476868,0.07830000000000004,1eRASS J061125.5-590439,0.010905746602887194,0.229
1eRASS J062723.9-542302,109614400267,96.84973636309518,-54.38392169935794,3.6744384765625,0.0,6.121023284587357e-14,5499654117281096192,1.4029452800750732,0.07543262004852291,1eRASS J062737.6-542715,0.07773627892969392,0.051
1eRASS J062724.9-631504,109815300679,96.85381343860075,-63.25116031346532,3.1604084968566895,0.0,2.1401825624212112e-14,5477335925317066880,1.30141019821167,0.055061295032501234,1eRASS J062733.1-631248,0.0407753543277278,0.0631
1eRASS J063955.9-661902,110015600980,99.9832626537642,-66.3173549355418,3.5578489303588867,0.0,1.8719961765076808e-14,5283533527609362048,2.814164638519287,0.11226000000000003,1eRASS J063949.6-661807,0.01860965391177729,0.0782
1eRASS J065025.3-674631,110615900137,102.60566032265676,-67.77539350725934,1.9112976789474487,0.0,5.0993707683116146e-14,5280848657654261376,2.7643344402313232,0.12049417339324964,1eRASS J065044.8-674609,0.031404401573336946,0.0896
1eRASS J070459.2-700245,110615900354,106.24706772764942,-70.0460278933748,2.418297052383423,0.0,2.5920649836057817e-14,5268149474446337152,1.6697860956192017,1.2857257068824768,1eRASS J070448.2-700411,0.02857309065474088,0.0753
1eRASS J064837.7-685723,110615900361,102.1572018108233,-68.95664046162463,2.400895595550537,0.0,2.2476705352080135e-14,5279055113675047936,1.7805657386779785,0.06617398956298837,1eRASS J064855.0-685734,0.026160191138125052,0.0595
1eRASS J083716.4-032330,113109300080,129.318747081836,-3.3917593641347668,6.279216766357422,0.0,9.545953572965074e-14,3071883377445900160,0.7664350867271423,0.10289567341804506,1eRASS J083714.1-032144,0.030801422172078867,0.041
1eRASS J100254.4+324037,115005700004,150.72689513013609,32.677213378565106,1.7256699800491333,0.0,6.502865737209595e-13,746689208395522816,0.8253270983695984,0.2868208329677582,1eRASS J100236.9+324210,0.06664742441913336,0.0508
1eRASS J100023.3-025533,115209300106,150.09722335730174,-2.9260665430145414,4.370020389556885,0.0,9.04473775064675e-14,3829283581441201408,0.5253190291311225,0.0802455537033081,1eRASS J100030.2-025814,0.05302174826322364,0.0205
1eRASS J103145.9-351305,115812600041,157.94145998421277,-35.21816638679131,4.220215320587158,0.0,1.520640709705423e-13,5447141136998706432,0.247,0.14176746451616287,1eRASS J103007.9-351905,0.34800737335947624,0.0087
1eRASS J111110.6+212925,116706900016,167.79417375302333,21.490343950545537,3.326317071914673,0.0,2.3693625728939127e-13,3991378975791448448,0.9290398955345154,0.09849877497673032,1eRASS J111111.5+213116,0.031074045514322184,0.1354
1eRASS J112230.7-074723,117109900035,170.62825515560837,-7.789923126948171,2.6747500896453857,0.0,1.9457433711109196e-13,3783635878745849216,0.3548814771098526,0.10899589757919313,1eRASS J112243.7-074037,0.12489263237498512,0.0246
1eRASS J114356.8+195650,117706900024,175.98683973340246,19.94733079197347,2.7867629528045654,0.0,4.889783239772627e-13,3976015774694672256,0.37957013136676093,0.04719257831096649,1eRASS J114429.5+194853,0.18439608839060903,0.0215
1eRASS J114805.2-023302,117909300009,177.02183365320755,-2.550719037172624,3.549351453781128,0.0,1.8650413245030473e-13,3600619002910501376,0.562110960483551,0.12867422342300414,1eRASS J114808.9-023308,0.015633804218507418,0.3125
1eRASS J120702.5-254015,118211700015,181.7608319879523,-25.670860172688265,2.258058786392212,0.0,2.5505213717934294e-13,3488424497109900032,0.48964723944664,0.0691206482887268,1eRASS J120707.6-254130,0.028359312745025858,0.0252
1eRASS J120659.6-253232,118211700098,181.74836378758943,-25.542399511083794,4.430024147033691,0.0,8.699277734801336e-14,3489199476715724416,1.0168672800064087,0.0524646389484405,1eRASS J120707.6-254130,0.15252917654362752,0.0252
1eRASS J121858.4-050113,118509600003,184.7434893943179,-5.020500865459357,1.3846454620361328,0.0,1.3732022246734643e-12,3596852698846026496,0.4472163915634155,0.20524246280670164,1eRASS J121903.9-045945,0.033477312793717955,0.0813
1eRASS J123327.3+132924,118807800094,188.36412889523578,13.490081963121474,2.2721118927001953,0.0,1.6798197490126843e-13,3932072765993607808,0.8190728399773524,0.11817172952651972,1eRASS J123049.2+122332,1.2716709493427678,0.003
1eRASS J123043.6+111827,118807800129,187.68168811760103,11.307722475437373,2.6932854652404785,0.0,1.3797528386743502e-13,3904477562461749632,0.8549139693604793,0.10360146018981936,1eRASS J123049.2+122332,1.084952064108252,0.003
1eRASS J123044.8+113546,118807800178,187.68685301021313,11.596347416710781,2.9183404445648193,0.0,9.35499372195156e-14,3907581827384105344,0.5450709567374651,0.10163261577606197,1eRASS J123049.2+122332,0.7962854373213175,0.003
1eRASS J123527.6+121339,118807800197,188.86517365815746,12.227612020053343,3.5397932529449463,0.0,1.1494949957169265e-13,3928647340596587904,0.711273869012254,0.1842956167459488,1eRASS J123049.2+122332,1.1451542385988676,0.003
1eRASS J123346.6+132223,118807800265,188.44438737952387,13.3732302284666,4.8957672119140625,0.0,5.98834201085037e-14,3932066748743918592,1.3681787252426147,0.0812972044944763,1eRASS J123049.2+122332,1.21700050558671,0.003
1eRASS J123219.8+123516,118807800344,188.08282902373892,12.587877997413091,3.831249475479126,0.0,1.0458688494245638e-13,3931721197150688768,1.3021204471588135,0.06442031745910637,1eRASS J123049.2+122332,0.417230597471708,0.003
1eRASS J123251.2+123111,118807800713,188.2136161731621,12.519954310848341,4.821739673614502,0.0,5.376578563333172e-14,3931716867823005568,0.408,0.06996125289440153,1eRASS J123049.2+122332,0.5124970883130168,0.003
1eRASS J123326.3+131321,118807800773,188.3599709021062,13.222691400214456,5.252081871032715,0.0,3.2938478740319674e-14,3931970575836413312,0.6586138297029945,0.08581099882125853,1eRASS J123049.2+122332,1.047326924778594,0.003
1eRASS J122800.2+072542,118808400052,187.00093127490223,7.428493265882774,3.814521074295044,0.0,1.7895643192149258e-13,3901110587275183872,0.6728227138519287,0.08926433954238894,1eRASS J122946.7+080002,0.721856860922143,0.0033
1eRASS J123250.1+072648,118808400054,188.20913074697094,7.446834842022578,3.4297823905944824,0.0,1.5905993969861365e-13,3902391239149048192,0.26968529925817153,0.07249845346694946,1eRASS J122946.7+080002,0.9381872569113378,0.0033
1eRASS J123356.1+074756,118908100011,188.4839822592089,7.79890256604311,2.0443711280822754,0.0,3.963484813788998e-13,3902427763550099456,0.37248560786247253,0.08115236909770965,1eRASS J122946.7+080002,1.0487556311459845,0.0033
1eRASS J123337.5+073132,118908100051,188.4063359482218,7.5256189170187096,3.2373197078704834,0.0,1.3942629873992668e-13,3902395813288871936,1.1728256940841675,0.2805689491558075,1eRASS J122946.7+080002,1.064467369000685,0.0033
1eRASS J123429.3+075708,118908100083,188.62238062522917,7.952381656193584,3.9681999683380127,0.0,1.081587212370741e-13,3902483464980794752,1.1870180368423462,0.09420922946929933,1eRASS J122946.7+080002,1.1670207042678447,0.0033
1eRASS J123041.6+083044,118908100091,187.6733555977711,8.51233231701104,4.068488121032715,0.0,9.180392448841779e-14,3902760748069858432,0.833747386932373,0.0928627568626404,1eRASS J122946.7+080002,0.5592985262320181,0.0033
1eRASS J123219.7+073105,118908100278,188.08231120452962,7.518305143549651,4.744382381439209,0.0,4.9907008457502136e-14,3902439755099634816,2.7343838214874268,0.10081999999999991,1eRASS J122946.7+080002,0.7946921946044376,0.0033
1eRASS J123022.0+081855,118908100284,187.5919907628876,8.315451927552141,5.286604881286621,0.0,4.53758226468242e-14,3902730575924250496,0.7851483225822449,0.054982339820861814,1eRASS J122946.7+080002,0.34673615340316216,0.0033
1eRASS J124223.2+194718,119006900002,190.59674017945787,19.788571181140703,1.0906718969345093,0.0,1.2484973992143988e-12,3948228818053485952,0.15985673666000366,0.045904744563102715,1eRASS J124219.2+194557,0.02749054916481253,0.1647
1eRASS J124406.8+113522,119107800087,191.02850928735438,11.58963439246666,4.211578845977783,0.0,1.024410862127817e-13,3927661108730724096,2.6200554370880127,0.1143200000000002,1eRASS J124339.9+113309,0.11568730251265281,0.0037
1eRASS J124520.0+112803,119107800146,191.33365181151254,11.4675139689405,4.349405288696289,0.0,6.907584855671278e-14,3927620323721202816,0.5107593536376953,0.07209110603332519,1eRASS J124339.9+113309,0.41743779982106416,0.0037
1eRASS J123928.6+020920,119108700040,189.86956637526598,2.1556310516904915,3.7917275428771973,0.0,1.0415690391337579e-13,3703217559634828672,0.8143596649169922,0.10453910691261292,1eRASS J124249.5+024117,0.9913537557165659,0.0031
1eRASS J125038.4-142829,119210500033,192.66008344609145,-14.474847013168969,2.729590654373169,0.0,2.0595808045142938e-13,3525427152193339008,0.39725615998557673,0.0719608619213104,1eRASS J125030.2-142534,0.05872716890689675,0.0427
1eRASS J125445.0+035022,119408700016,193.68786326222755,3.839593789708134,3.18274188041687,0.0,2.6290417325797177e-13,3704562262355964032,0.4029252529144287,0.09368842704772948,1eRASS J125452.2+035312,0.05564016627141426,0.0483
1eRASS J125835.0-263829,119511700520,194.6459688153389,-26.641658370237472,5.779221057891846,0.0,4.737453918740586e-14,3497091668099584256,1.9731677770614624,0.13892239809036266,1eRASS J125839.6-263946,0.02725646386735221,0.0765
1eRASS J125734.2-391831,119512900070,194.3928693442964,-39.30875814413487,4.563190460205078,0.0,5.409134782880659e-14,6140580851228460288,1.553222894668579,0.0669916486740112,1eRASS J125736.4-391951,0.023130224682284456,0.0353
1eRASS J131502.9-162920,119810500020,198.76217481532848,-16.48892882237933,2.0971593856811523,0.0,2.459216098989192e-13,3511579314343581184,0.44292011857032776,0.04745983371257784,1eRASS J131523.7-162310,0.13202995875444015,0.0087
1eRASS J131448.3-155938,119810500131,198.70166522506634,-15.99411858809468,3.9959235191345215,0.0,7.723811553447119e-14,3607688690878439424,0.969,0.11761511710166928,1eRASS J131523.7-162310,0.41692934246033586,0.0087
1eRASS J132407.6-315647,119912300013,201.03182257390864,-31.946416168795075,1.6768848896026611,0.0,4.429767913160382e-13,6169337998033233664,0.3314775875301822,0.07882453869819639,1eRASS J132352.6-315947,0.07284140416351782,0.0483
1eRASS J132515.7+081915,120108100073,201.31553899171416,8.321097604809781,3.723180055618286,0.0,9.928838214925614e-14,3719780740234825472,1.242865800857544,0.5922454430389403,1eRASS J132507.4+082026,0.039503927309284786,0.0516
1eRASS J133150.5-024711,120309300068,202.9605535272915,-2.786477947645361,2.9999749660491943,0.0,1.167703087001648e-13,3637144577322563200,1.523963451385498,0.10704654087066656,1eRASS J133146.1-024244,0.0763414237167319,0.021
1eRASS J133217.9-024049,120309300344,203.0747320956132,-2.680327874255783,4.649242401123047,0.0,3.510147562695541e-14,3637522431365297280,1.0556321144104004,0.07737450002670287,1eRASS J133146.1-024244,0.13625582769479422,0.021
1eRASS J140219.5+092131,121008100441,210.5814300602087,9.35875642642229,6.399249076843262,0.0,4.98993377271318e-14,3723527433481104640,2.8094334602355957,0.39802961791992186,1eRASS J140248.2+092017,0.1196455602071892,0.0197
1eRASS J140559.3+063708,121208400230,211.4971728780461,6.618984714219727,3.7506144046783447,0.0,8.816431200549257e-14,3672595507966153984,0.8675018548965454,0.09382886290550235,1eRASS J140607.6+063805,0.03800654798586163,0.1133
1eRASS J141245.3-342344,121412300174,213.18891942210504,-34.39559893942989,4.119367599487305,0.0,5.881270947680206e-14,6122954756418857344,0.951,0.0702808862972259,1eRASS J141220.8-342036,0.09901873442249563,0.0321
1eRASS J151933.3-240714,122911400012,229.88892897837223,-24.12070089478636,1.946171760559082,0.0,2.69553639391934e-13,6227067512457747712,0.5485060811042786,0.09789924743652345,1eRASS J151828.4-240412,0.25207935044700946,0.0078
1eRASS J151942.7-241154,122911400049,229.9279472831477,-24.198482605157718,2.714850425720215,0.0,1.0238790609622128e-13,6227063797305633408,0.5667248207713397,0.2288167235565185,1eRASS J151828.4-240412,0.31026291813641543,0.0078
1eRASS J151916.3-234105,122911400050,229.81817205165694,-23.68478390591258,3.409668207168579,0.0,7.688223972387997e-14,6251297862516450688,0.4598247706890106,0.09740921691894527,1eRASS J151828.4-240412,0.42652352945847083,0.0078
1eRASS J151646.2-240224,122911400138,229.19271667394517,-24.040246048935703,4.458096981048584,0.0,7.149492722022602e-14,6227245972637479040,0.46379292011260986,0.0865310011434555,1eRASS J151828.4-240412,0.38985375714568626,0.0078
1eRASS J151723.2-241848,122911400332,229.34668823441763,-24.31343626384782,6.023190498352051,0.0,2.9486321424885414e-14,6227225459876955776,1.6757699251174927,0.09389371988296513,1eRASS J151828.4-240412,0.34725395066335996,0.0078
1eRASS J200912.6-482644,130113800005,302.30289940368027,-48.445685355481984,2.060237169265747,0.0,4.81225898973231e-13,6667560114244741376,0.6611583828926086,0.2728796618509292,1eRASS J200956.9-482232,0.14089941256296168,0.01
1eRASS J200614.3-832331,130417400184,301.55963150984763,-83.39210119345671,4.9877448081970215,0.0,5.486920528932453e-14,6346648777885988480,0.8072527647018433,0.07310992568969726,1eRASS J200631.7-832008,0.05695730991113584,0.0579
1eRASS J222009.5-620200,133815300032,335.0399143461422,-62.03336591287042,3.6684608459472656,0.0,1.7162859404073333e-13,6406029621330192256,0.967,0.13448872426986697,1eRASS J222000.3-620520,0.05854662675145289,0.0634
1eRASS J232500.7-651910,135015600008,351.25299000005907,-65.31967505877056,2.3028342723846436,0.0,2.955471967418938e-13,6390346909026840064,0.6280508637428284,0.13621342732021327,1eRASS J232503.6-651954,0.013185753815910129,0.1864
